[
  {
    "id": "f5b3fe29-f00a-431d-a8e1-596240b52006",
    "data": [
      {
        "text": "Preciso de ",
        "userDefined": false
      },
      {
        "text": "ajuda!",
        "meta": "@sys.last-name",
        "alias": "last-name",
        "userDefined": false
      }
    ],
    "isTemplate": false,
    "count": 0,
    "lang": "pt-br",
    "updated": 0
  },
  {
    "id": "233615ef-6b2a-48fc-bb92-82104f45abbf",
    "data": [
      {
        "text": "Quero ajuda!",
        "userDefined": false
      }
    ],
    "isTemplate": false,
    "count": 0,
    "lang": "pt-br",
    "updated": 0
  },
  {
    "id": "90bf1b5e-b48f-4465-be6b-b0eb8def6d1a",
    "data": [
      {
        "text": "Você pode me ajudar?",
        "userDefined": false
      }
    ],
    "isTemplate": false,
    "count": 0,
    "lang": "pt-br",
    "updated": 0
  }
]