[
  {
    "id": "a94aa457-8cad-4d13-a349-a8703615d528",
    "data": [
      {
        "text": "Obrigado pela consulta!",
        "userDefined": false
      }
    ],
    "isTemplate": false,
    "count": 0,
    "lang": "pt-br",
    "updated": 0
  },
  {
    "id": "27aa6140-eb44-47f2-a1c3-2ebcbdc9560c",
    "data": [
      {
        "text": "Obrigado pela cotação!",
        "userDefined": false
      }
    ],
    "isTemplate": false,
    "count": 0,
    "lang": "pt-br",
    "updated": 0
  },
  {
    "id": "0f16810c-7a96-48d9-aba3-36a96367475b",
    "data": [
      {
        "text": "Obrigado!",
        "userDefined": false
      }
    ],
    "isTemplate": false,
    "count": 0,
    "lang": "pt-br",
    "updated": 0
  }
]