[
  {
    "id": "1adac3d9-b200-4f42-bee7-b0d029236b46",
    "data": [
      {
        "text": "Não",
        "meta": "@sys.music-artist",
        "alias": "music-artist",
        "userDefined": false
      }
    ],
    "isTemplate": false,
    "count": 0,
    "lang": "pt-br",
    "updated": 0
  },
  {
    "id": "2f7c37fa-d07a-40ca-97c0-8bafc84d107e",
    "data": [
      {
        "text": "Sim",
        "meta": "@sys.location",
        "alias": "location",
        "userDefined": false
      }
    ],
    "isTemplate": false,
    "count": 0,
    "lang": "pt-br",
    "updated": 0
  }
]