[
  {
    "id": "d9c41db8-bf8c-429c-8261-5cb7f7a8bf49",
    "data": [
      {
        "text": "Oi",
        "meta": "@sys.ignore",
        "userDefined": false
      }
    ],
    "isTemplate": false,
    "count": 0,
    "lang": "pt-br",
    "updated": 0
  },
  {
    "id": "52330c19-97eb-4705-bb54-8195e848d7c5",
    "data": [
      {
        "text": "Olá",
        "meta": "@sys.ignore",
        "userDefined": false
      }
    ],
    "isTemplate": false,
    "count": 0,
    "lang": "pt-br",
    "updated": 0
  }
]